Time (%),Total Time (ns),Instances,Avg (ns),Med (ns),Min (ns),Max (ns),StdDev (ns),Name
24.6,302927645,564,537105.8,281420.0,1920,1920519,691593.5,"void cudnn::engines_precompiled::nchwToNhwcKernel<__nv_bfloat16, __nv_bfloat16, float, (bool)0, (bool)1, (cudnnKernelDataType_t)0>(cudnn::engines_precompiled::nchw2nhwc_params_t<T3>, const T1 *, T2 *)"
16.6,204426634,32,6388332.3,6265998.0,5600983,8023735,614906.6,"k_tick_warp(Blaze *, int, const McSinTable *, const double *, int, McAABB *, const CRRecipe *, int, double, unsigned long long *)"
12.2,150297583,81,1855525.7,2055589.0,1542732,2300034,259910.0,sm80_xmma_fprop_implicit_gemm_indexed_bf16bf16_bf16f32_f32_nhwckrsc_nhwc_tilesize128x32x32_stage4_warpsize4x1x1_g1_tensor16x8x16_execute_kernel__5x_cudnn
4.5,55095406,48,1147821.0,1147617.0,1129105,1157585,5192.6,sm80_xmma_wgrad_implicit_gemm_indexed_bf16bf16_bf16f32_f32_nhwckrsc_nhwc_tilesize32x128x32_stage4_warpsize1x4x1_g1_tensor16x8x16_execute_kernel__5x_cudnn
4.4,54759476,81,676042.9,752470.0,562489,755318,93363.8,"void at::native::unrolled_elementwise_kernel<at::native::direct_copy_kernel_cuda(at::TensorIteratorBase &)::[lambda() (instance 3)]::operator ()() const::[lambda() (instance 12)]::operator ()() const::[lambda(c10::BFloat16) (instance 1)], std::array<char *, (unsigned long)2>, (int)4, TrivialOffsetCalculator<(int)1, unsigned int>, TrivialOffsetCalculator<(int)1, unsigned int>, at::native::memory::LoadWithCast<(int)1>, at::native::memory::StoreWithCast<(int)1>>(int, T1, T2, T4, T5, T6, T7)"
3.1,38258568,32,1195580.3,1190816.5,1145841,1257935,31190.3,"k_obs(Blaze *, int, const McSinTable *, unsigned short *, unsigned char *, unsigned char *)"
2.8,34420823,162,212474.2,202653.0,51712,365211,122904.1,"void at::native::elementwise_kernel<(int)128, (int)4, void at::native::gpu_kernel_impl_nocast<at::native::CUDAFunctor_add<c10::BFloat16>>(at::TensorIteratorBase &, const T1 &)::[lambda(int) (instance 1)]>(int, T3)"
2.4,30120408,144,209169.5,191773.5,1920,436858,177341.0,"void at::native::vectorized_elementwise_kernel<(int)4, at::native::BinaryFunctor<c10::BFloat16, c10::BFloat16, c10::BFloat16, void at::native::<unnamed>::threshold_kernel_impl<c10::BFloat16>(at::TensorIteratorBase &, T1, T1)::[lambda(c10::BFloat16, c10::BFloat16) (instance 1)]>, std::array<char *, (unsigned long)3>>(int, T2, T3)"
2.4,29626853,258,114832.8,91070.5,1280,303132,113137.6,"void cudnn::engines_precompiled::nhwcToNchwKernel<__nv_bfloat16, __nv_bfloat16, float, (bool)1, (bool)0, (cudnnKernelDataType_t)0>(cudnn::engines_precompiled::nhwc2nchw_params_t<T3>, const T1 *, T2 *)"
2.3,28137396,243,115791.8,84031.0,1600,319708,124686.5,"void at::native::vectorized_elementwise_kernel<(int)4, at::native::<unnamed>::launch_clamp_scalar(at::TensorIteratorBase &, c10::Scalar, c10::Scalar, at::native::detail::ClampLimits)::[lambda() (instance 1)]::operator ()() const::[lambda() (instance 9)]::operator ()() const::[lambda(c10::BFloat16) (instance 1)], std::array<char *, (unsigned long)2>>(int, T2, T3)"
2.0,24438014,191,127947.7,230973.0,1312,238333,108611.3,"void at::native::elementwise_kernel<(int)128, (int)4, void at::native::gpu_kernel_impl_nocast<at::native::direct_copy_kernel_cuda(at::TensorIteratorBase &)::[lambda() (instance 3)]::operator ()() const::[lambda() (instance 1)]::operator ()() const::[lambda(unsigned char) (instance 1)]>(at::TensorIteratorBase &, const T1 &)::[lambda(int) (instance 1)]>(int, T3)"
1.7,21386279,76,281398.4,443147.0,1152,452250,215281.0,"void at::native::vectorized_gather_kernel<(int)16, long>(char *, char *, T2 *, int, long, long, long, long, bool)"
1.4,17727127,48,369315.1,369675.0,363643,371900,1716.3,"void foldedNhwcToNchwKernel<__nv_bfloat16, __nv_bfloat16, float, (bool)1, (cudnnKernelDataType_t)0>(int, int, int, int, int, int, int, const T1 *, T2 *, int, int, int, int, int, int, int, int, int, int, T3, T3, cudnn::reduced_divisor, cudnn::reduced_divisor, cudnn::reduced_divisor)"
1.4,16805695,145,115901.3,167549.0,2880,237693,103119.0,"void at::native::elementwise_kernel<(int)128, (int)4, void at::native::gpu_kernel_impl<at::native::direct_copy_kernel_cuda(at::TensorIteratorBase &)::[lambda() (instance 3)]::operator ()() const::[lambda() (instance 7)]::operator ()() const::[lambda(float) (instance 1)]>(at::TensorIteratorBase &, const T1 &)::[lambda(int) (instance 1)]>(int, T3)"
1.3,15514547,48,323219.7,323148.0,320252,326651,1192.0,"void cutlass__5x_cudnn::Kernel<cutlass__5x_cudnn::conv::kernel::ImplicitGemmConvolution<cutlass__5x_cudnn::conv::threadblock::ImplicitGemmMultistage<cutlass__5x_cudnn::gemm::GemmShape<(int)64, (int)64, (int)64>, cutlass__5x_cudnn::conv::threadblock::Conv2dWgradOutputGradientTileAccessIteratorOptimized<cutlass__5x_cudnn::MatrixShape<(int)64, (int)64>, cutlass__5x_cudnn::bfloat16_t, cutlass__5x_cudnn::transform::PitchLinearWarpRakedThreadMap<cutlass__5x_cudnn::PitchLinearShape<(int)64, (int)64>, (int)128, cutlass__5x_cudnn::PitchLinearShape<(int)8, (int)4>, (int)8>, cutlass__5x_cudnn::AlignedArray<cutlass__5x_cudnn::bfloat16_t, (int)8, (int)16>>, cutlass__5x_cudnn::transform::threadblock::RegularTileAccessIterator<cutlass__5x_cudnn::MatrixShape<(int)64, (int)64>, cutlass__5x_cudnn::bfloat16_t, cutlass__5x_cudnn::layout::ColumnMajorTensorOpMultiplicandCongruous<(int)16, (int)64>, (int)1, cutlass__5x_cudnn::transform::PitchLinearWarpRakedThreadMap<cutlass__5x_cudnn::PitchLinearShape<(int)64, (int)64>, (int)128, cutlass__5x_cudnn::PitchLinearShape<(int)8, (int)4>, (int)8>, (int)16>, (cutlass__5x_cudnn::arch::CacheOperation::Kind)0, cutlass__5x_cudnn::conv::threadblock::Conv2dWgradActivationTileAccessIteratorOptimized<cutlass__5x_cudnn::MatrixShape<(int)64, (int)64>, cutlass__5x_cudnn::bfloat16_t, cutlass__5x_cudnn::transform::PitchLinearWarpRakedThreadMap<cutlass__5x_cudnn::PitchLinearShape<(int)64, (int)64>, (int)128, cutlass__5x_cudnn::PitchLinearShape<(int)8, (int)4>, (int)8>, cutlass__5x_cudnn::AlignedArray<cutlass__5x_cudnn::bfloat16_t, (int)8, (int)16>>, cutlass__5x_cudnn::transform::threadblock::RegularTileAccessIterator<cutlass__5x_cudnn::MatrixShape<(int)64, (int)64>, cutlass__5x_cudnn::bfloat16_t, cutlass__5x_cudnn::layout::RowMajorTensorOpMultiplicandCongruous<(int)16, (int)64>, (int)0, cutlass__5x_cudnn::transform::PitchLinearWarpRakedThreadMap<cutlass__5x_cudnn::PitchLinearShape<(int)64, (int)64>, (int)128, cutlass__5x_cudnn::PitchLinearShape<(int)8, (int)4>, (int)8>, (int)16>, (cutlass__5x_cudnn::arch::CacheOperation::Kind)0, cutlass__5x_cudnn::gemm::threadblock::MmaPolicy<cutlass__5x_cudnn::gemm::warp::MmaTensorOp<cutlass__5x_cudnn::gemm::GemmShape<(int)32, (int)32, (int)64>, cutlass__5x_cudnn::bfloat16_t, cutlass__5x_cudnn::layout::ColumnMajorTensorOpMultiplicandCongruous<(int)16, (int)64>, cutlass__5x_cudnn::bfloat16_t, cutlass__5x_cudnn::layout::RowMajorTensorOpMultiplicandCongruous<(int)16, (int)64>, float, cutlass__5x_cudnn::layout::RowMajor, cutlass__5x_cudnn::gemm::warp::MmaTensorOpPolicy<cutlass__5x_cudnn::arch::Mma<cutlass__5x_cudnn::gemm::GemmShape<(int)16, (int)8, (int)16>, (int)32, cutlass__5x_cudnn::bfloat16_t, cutlass__5x_cudnn::layout::RowMajor, cutlass__5x_cudnn::bfloat16_t, cutlass__5x_cudnn::layout::ColumnMajor, float, cutlass__5x_cudnn::layout::RowMajor, cutlass__5x_cudnn::arch::OpMultiplyAdd>, cutlass__5x_cudnn::MatrixShape<(int)1, (int)1>>, (int)1, (bool)0, bool>, cutlass__5x_cudnn::MatrixShape<(int)0, (int)0>, cutlass__5x_cudnn::MatrixShape<(int)0, (int)0>, (int)1>, (int)5, bool>, cutlass__5x_cudnn::epilogue::threadblock::Epilogue<cutlass__5x_cudnn::gemm::GemmShape<(int)64, (int)64, (int)64>, cutlass__5x_cudnn::gemm::warp::MmaTensorOp<cutlass__5x_cudnn::gemm::GemmShape<(int)32, (int)32, (int)64>, cutlass__5x_cudnn::bfloat16_t, cutlass__5x_cudnn::layout::ColumnMajorTensorOpMultiplicandCongruous<(int)16, (int)64>, cutlass__5x_cudnn::bfloat16_t, cutlass__5x_cudnn::layout::RowMajorTensorOpMultiplicandCongruous<(int)16, (int)64>, float, cutlass__5x_cudnn::layout::RowMajor, cutlass__5x_cudnn::gemm::warp::MmaTensorOpPolicy<cutlass__5x_cudnn::arch::Mma<cutlass__5x_cudnn::gemm::GemmShape<(int)16, (int)8, (int)16>, (int)32, cutlass__5x_cudnn::bfloat16_t, cutlass__5x_cudnn::layout::RowMajor, cutlass__5x_cudnn::bfloat16_t, cutlass__5x_cudnn::layout::ColumnMajor, float, cutlass__5x_cudnn::layout::RowMajor, cutlass__5x_cudnn::arch::OpMultiplyAdd>, cutlass__5x_cudnn::MatrixShape<(int)1, (int)1>>, (int)1, (bool)0, bool>, (int)1, cutlass__5x_cudnn::epilogue::threadblock::PredicatedTileIterator<cutlass__5x_cudnn::epilogue::threadblock::OutputTileOptimalThreadMap<cutlass__5x_cudnn::epilogue::threadblock::OutputTileShape<(int)64, (int)8, (int)2, (int)1, (int)1>, cutlass__5x_cudnn::epilogue::threadblock::OutputTileShape<(int)1, (int)4, (int)1, (int)1, (int)4>, (int)128, (int)4, (int)32>, float, (bool)0, cutlass__5x_cudnn::layout::NoPermute, (bool)0>, cutlass__5x_cudnn::epilogue::warp::FragmentIteratorTensorOp<cutlass__5x_cudnn::gemm::GemmShape<(int)32, (int)32, (int)64>, cutlass__5x_cudnn::gemm::GemmShape<(int)16, (int)8, (int)16>, float, cutlass__5x_cudnn::Array<float, (int)4, (bool)1>, cutlass__5x_cudnn::layout::RowMajor>, cutlass__5x_cudnn::epilogue::warp::TileIteratorTensorOp<cutlass__5x_cudnn::gemm::GemmShape<(int)32, (int)32, (int)64>, cutlass__5x_cudnn::gemm::GemmShape<(int)16, (int)8, (int)16>, float, cutlass__5x_cudnn::layout::RowMajor>, cutlass__5x_cudnn::epilogue::threadblock::SharedLoadIterator<cutlass__5x_cudnn::epilogue::threadblock::OutputTileOptimalThreadMap<cutlass__5x_cudnn::epilogue::threadblock::OutputTileShape<(int)64, (int)8, (int)2, (int)1, (int)1>, cutlass__5x_cudnn::epilogue::threadblock::OutputTileShape<(int)1, (int)4, (int)1, (int)1, (int)4>, (int)128, (int)4, (int)32>::CompactedThreadMap, float, (int)16>, cutlass__5x_cudnn::epilogue::thread::LinearCombination<float, (int)4, float, float, (cutlass__5x_cudnn::epilogue::thread::ScaleType::Kind)0, (cutlass__5x_cudnn::FloatRoundStyle)2>, cutlass__5x_cudnn::MatrixShape<(int)0, (int)8>, (int)2, (int)1>, cutlass__5x_cudnn::gemm::threadblock::GemmIdentityThreadblockSwizzle<(int)4>, (cutlass__5x_cudnn::conv::Operator)2, cutlass__5x_cudnn::conv::Conv2dProblemSize, (cutlass__5x_cudnn::conv::GroupMode)0>>(T1::Params)"
1.3,15393299,81,190040.7,210205.0,156606,212829,25617.3,void cutlass__5x_cudnn::Kernel<cutlass_tensorop_bf16_s16816fprop_optimized_bf16_256x64_32x4_nhwc_align8>(T1::Params)
1.2,15210237,1452,10475.4,928.0,608,196765,38887.4,"void at::native::vectorized_elementwise_kernel<(int)4, at::native::bfloat16_copy_kernel_cuda(at::TensorIteratorBase &)::[lambda(float) (instance 1)], std::array<char *, (unsigned long)2>>(int, T2, T3)"
1.1,13880233,336,41310.2,2784.0,1824,187389,65829.0,"void at::native::reduce_kernel<(int)512, (int)1, at::native::ReduceOp<c10::BFloat16, at::native::func_wrapper_t<c10::BFloat16, at::native::sum_functor<c10::BFloat16, float, c10::BFloat16>::operator ()(at::TensorIterator &)::[lambda(float, float) (instance 1)]>, unsigned int, c10::BFloat16, (int)4, (int)8>>(T3)"
1.1,13203820,3057,4319.2,1600.0,672,171358,20642.8,"void at::native::unrolled_elementwise_kernel<at::native::direct_copy_kernel_cuda(at::TensorIteratorBase &)::[lambda() (instance 3)]::operator ()() const::[lambda() (instance 7)]::operator ()() const::[lambda(float) (instance 1)], std::array<char *, (unsigned long)2>, (int)4, TrivialOffsetCalculator<(int)1, unsigned int>, TrivialOffsetCalculator<(int)1, unsigned int>, at::native::memory::LoadWithCast<(int)1>, at::native::memory::StoreWithCast<(int)1>>(int, T1, T2, T4, T5, T6, T7)"
1.0,12814171,81,158199.6,176990.0,129054,179070,23531.3,void cutlass::Kernel2<cutlass_75_tensorop_bf16_s1688gemm_bf16_128x128_tn_align1>(T1::Params)
0.9,10878001,48,226625.0,226653.0,220733,230589,1978.0,void cutlass__5x_cudnn::Kernel<cutlass_tensorop_bf16_s16816dgrad_optimized_bf16_128x128_32x3_nhwc_unity_stride_align8>(T1::Params)
0.8,9850784,48,205224.7,205421.5,201277,208733,1703.2,"void at::native::elementwise_kernel<(int)128, (int)4, void at::native::gpu_kernel_impl_nocast<at::native::bfloat16_copy_kernel_cuda(at::TensorIteratorBase &)::[lambda(float) (instance 1)]>(at::TensorIteratorBase &, const T1 &)::[lambda(int) (instance 1)]>(int, T3)"
0.7,8739761,192,45519.6,3744.0,3424,172766,72645.9,void cutlass::Kernel2<cutlass_75_tensorop_bf16_s1688gemm_bf16_128x128_nn_align1>(T1::Params)
0.6,7539966,224,33660.6,33151.0,32800,37312,1325.8,"void at::native::elementwise_kernel<(int)128, (int)4, void at::native::gpu_kernel_impl<at::native::direct_copy_kernel_cuda(at::TensorIteratorBase &)::[lambda() (instance 3)]::operator ()() const::[lambda() (instance 1)]::operator ()() const::[lambda(unsigned char) (instance 1)]>(at::TensorIteratorBase &, const T1 &)::[lambda(int) (instance 1)]>(int, T3)"
0.6,7249472,48,151030.7,150926.0,149918,153598,759.8,void cutlass::Kernel2<cutlass_75_tensorop_bf16_s1688gemm_bf16_128x128_nt_align1>(T1::Params)
0.6,7172995,162,44277.7,48159.0,34816,52128,6835.1,"void at::native::elementwise_kernel<(int)128, (int)4, void at::native::gpu_kernel_impl_nocast<at::native::BUnaryFunctor<c10::BFloat16, c10::BFloat16, c10::BFloat16, at::native::binary_internal::MulFunctor<float>>>(at::TensorIteratorBase &, const T1 &)::[lambda(int) (instance 1)]>(int, T3)"
0.6,7089925,65,109075.8,1984.0,1312,220797,109886.9,"void at::native::elementwise_kernel<(int)128, (int)2, void at::native::gpu_kernel_impl_nocast<at::native::CUDAFunctor_add<float>>(at::TensorIteratorBase &, const T1 &)::[lambda(int) (instance 1)]>(int, T3)"
0.5,6451112,80,80638.9,800.0,767,202077,98381.4,"void at::native::vectorized_elementwise_kernel<(int)4, void at::native::<unnamed>::pow_tensor_scalar_kernel_impl<float, float>(at::TensorIteratorBase &, T2)::[lambda(float) (instance 1)], std::array<char *, (unsigned long)2>>(int, T2, T3)"
0.5,6115182,1040,5880.0,1216.0,1088,151998,25932.2,"void at::native::reduce_kernel<(int)512, (int)1, at::native::ReduceOp<float, at::native::func_wrapper_t<float, at::native::sum_functor<float, float, float>::operator ()(at::TensorIterator &)::[lambda(float, float) (instance 1)]>, unsigned int, float, (int)4, (int)4>>(T3)"
0.4,5205434,192,27111.6,27040.0,26848,27679,214.1,void cutlass::Kernel2<cutlass_75_tensorop_s1688gemm_bf16_64x64_nt_align1>(T1::Params)
0.4,4373610,226,19352.3,6176.0,2304,105951,34917.6,"void at::native::index_elementwise_kernel<(int)128, (int)4, void at::native::gpu_index_kernel<void at::native::index_kernel_impl<at::native::OpaqueType<(int)4>>(at::TensorIteratorBase &, c10::ArrayRef<long>, c10::ArrayRef<long>)::[lambda(char *, const char *, long) (instance 1)]>(at::TensorIteratorBase &, c10::ArrayRef<long>, c10::ArrayRef<long>, const T1 &, bool)::[lambda(int) (instance 1)]>(long, T3)"
0.3,3462649,4593,753.9,704.0,576,2912,235.1,"void at::native::vectorized_elementwise_kernel<(int)4, at::native::CUDAFunctor_add<float>, std::array<char *, (unsigned long)3>>(int, T2, T3)"
0.3,3302427,3408,969.0,864.0,608,5184,675.9,"void at::native::vectorized_elementwise_kernel<(int)4, at::native::AUnaryFunctor<float, float, float, at::native::binary_internal::MulFunctor<float>>, std::array<char *, (unsigned long)2>>(int, T2, T3)"
0.2,2641599,720,3668.9,3616.0,3551,4256,152.5,"void at::native::_scatter_gather_elementwise_kernel<(int)128, (int)8, void at::native::_cuda_scatter_gather_internal_kernel<(bool)0, at::native::OpaqueType<(int)4>, long>::operator ()<at::native::TensorAssign>(at::TensorIterator &, long, long, long, const T1 &)::[lambda(int) (instance 1)]>(int, T3)"
0.2,2404961,288,8350.6,6880.0,6816,19200,3717.9,"void at::native::vectorized_elementwise_kernel<(int)4, at::native::AUnaryFunctor<short, short, bool, at::native::<unnamed>::CompareEqFunctor<short>>, std::array<char *, (unsigned long)2>>(int, T2, T3)"
0.2,1969289,1248,1578.0,1248.0,895,7583,1225.4,"void at::native::reduce_kernel<(int)512, (int)1, at::native::ReduceOp<float, at::native::NormTwoOps<float, float, float, (bool)1>, unsigned int, float, (int)4, (int)4>>(T3)"
0.1,1804676,2064,874.4,864.0,544,3680,455.9,"void at::native::elementwise_kernel<(int)128, (int)2, void at::native::gpu_kernel_impl_nocast<at::native::BinaryFunctor<float, float, float, at::native::binary_internal::MulFunctor<float>>>(at::TensorIteratorBase &, const T1 &)::[lambda(int) (instance 1)]>(int, T3)"
0.1,1787531,32,55860.3,55871.5,55296,56511,309.7,"k_final(Blaze *, int, const McSinTable *, float *, float *, unsigned char *, float *, double, int *)"
0.1,1709933,1248,1370.1,1151.5,896,5887,882.0,"void at::native::vectorized_elementwise_kernel<(int)4, at::native::addcdiv_cuda_kernel(at::TensorIteratorBase &, const c10::Scalar &)::[lambda() (instance 2)]::operator ()() const::[lambda() (instance 7)]::operator ()() const::[lambda(float, float, float) (instance 1)], std::array<char *, (unsigned long)4>>(int, T2, T3)"
0.1,1570950,432,3636.5,3584.0,3519,4320,169.9,"void at::native::_scatter_gather_elementwise_kernel<(int)128, (int)8, void at::native::_cuda_scatter_gather_internal_kernel<(bool)1, float, long>::operator ()<at::native::ReduceAdd>(at::TensorIterator &, long, long, long, const T1 &)::[lambda(int) (instance 1)]>(int, T3)"
0.1,1326161,192,6907.1,6816.0,6560,7424,213.5,void cutlass::Kernel2<cutlass_75_tensorop_bf16_s1688gemm_bf16_64x64_tn_align1>(T1::Params)
0.1,1254415,31,40465.0,39904.0,10911,79327,18958.1,"k_reset_bulk(Blaze *, const int *, long long, long long, const CuSnapDev *, const int *)"
0.1,1209553,1648,734.0,704.0,640,1216,64.5,"void at::native::vectorized_elementwise_kernel<(int)4, at::native::BinaryFunctor<float, float, float, at::native::binary_internal::MulFunctor<float>>, std::array<char *, (unsigned long)3>>(int, T2, T3)"
0.1,1192434,372,3205.5,3200.0,2880,3776,220.9,void cutlass::Kernel2<cutlass_80_wmma_tensorop_bf16_s161616gemm_bf16_32x32_128x2_tn_align2>(T1::Params)
0.1,1189423,1280,929.2,832.0,703,2272,285.6,"void at::native::vectorized_elementwise_kernel<(int)4, at::native::sqrt_kernel_cuda(at::TensorIteratorBase &)::[lambda() (instance 2)]::operator ()() const::[lambda() (instance 2)]::operator ()() const::[lambda(float) (instance 1)], std::array<char *, (unsigned long)2>>(int, T2, T3)"
0.1,1168114,640,1825.2,1440.0,1312,4672,758.0,"void at::native::elementwise_kernel<(int)128, (int)4, void at::native::gpu_kernel_impl_nocast<void at::native::compare_scalar_kernel<int>(at::TensorIteratorBase &, at::native::<unnamed>::OpType, T1)::[lambda(int) (instance 1)]>(at::TensorIteratorBase &, const T1 &)::[lambda(int) (instance 1)]>(int, T3)"
0.1,1076556,736,1462.7,1344.0,1280,2848,341.2,"void at::native::elementwise_kernel<(int)128, (int)4, void at::native::gpu_kernel_impl_nocast<at::native::AUnaryFunctor<int, int, bool, at::native::<unnamed>::CompareEqFunctor<int>>>(at::TensorIteratorBase &, const T1 &)::[lambda(int) (instance 1)]>(int, T3)"
0.1,1036562,1408,736.2,672.0,544,2080,250.1,"void at::native::vectorized_elementwise_kernel<(int)4, at::native::BUnaryFunctor<float, float, float, at::native::binary_internal::MulFunctor<float>>, std::array<char *, (unsigned long)2>>(int, T2, T3)"
0.1,1008563,1536,656.6,608.0,576,1152,96.4,"void at::native::vectorized_elementwise_kernel<(int)4, at::native::BinaryFunctor<bool, bool, bool, at::native::BitwiseAndFunctor<bool>>, std::array<char *, (unsigned long)3>>(int, T2, T3)"
0.1,950580,288,3300.6,2912.0,2368,6336,1244.7,"void at::native::reduce_kernel<(int)512, (int)1, at::native::ReduceOp<float, at::native::MinMaxOps<float, float, int>, unsigned int, float, (int)4, (int)4>>(T3)"
0.1,945909,1297,729.3,672.0,544,2048,266.0,"void at::native::vectorized_elementwise_kernel<(int)4, at::native::CUDAFunctorOnSelf_add<float>, std::array<char *, (unsigned long)2>>(int, T2, T3)"
0.1,927220,240,3863.4,3008.0,2944,7584,1703.8,"void at::native::reduce_kernel<(int)256, (int)2, at::native::ReduceOp<c10::BFloat16, at::native::func_wrapper_t<c10::BFloat16, at::native::sum_functor<c10::BFloat16, float, c10::BFloat16>::operator ()(at::TensorIterator &)::[lambda(float, float) (instance 1)]>, unsigned int, c10::BFloat16, (int)4, (int)8>>(T3)"
0.1,888598,1248,712.0,608.0,543,2720,394.6,"void at::native::vectorized_elementwise_kernel<(int)4, at::native::addcmul_cuda_kernel(at::TensorIteratorBase &, const c10::Scalar &)::[lambda() (instance 2)]::operator ()() const::[lambda() (instance 7)]::operator ()() const::[lambda(float, float, float) (instance 1)], std::array<char *, (unsigned long)4>>(int, T2, T3)"
0.1,888408,480,1850.8,1936.0,1184,2432,522.8,"void cublasLt::splitKreduce_kernel<(int)32, (int)16, int, float, __nv_bfloat16, float, __nv_bfloat16, (bool)0, __nv_bfloat16, __nv_bfloat16, __nv_bfloat16, (bool)1, (bool)0, (bool)0, (bool)0>(cublasLt::cublasSplitKParams<T6>, const T4 *, const T10 *, T9 *, T5 *, const T6 *, const T6 *, const T11 *, const T4 *, T11 *, void *, long, T6 *, int *, T6 *, T6 *, const T6 *, const T6 *, const T6 *, const T6 *, const T6 *)"
0.1,832182,480,1733.7,1632.0,1471,2784,285.0,"void at::native::reduce_kernel<(int)512, (int)1, at::native::ReduceOp<bool, at::native::func_wrapper_t<bool, at::native::or_kernel_cuda(at::TensorIterator &)::[lambda() (instance 1)]::operator ()() const::[lambda() (instance 12)]::operator ()() const::[lambda(bool, bool) (instance 1)]>, unsigned int, bool, (int)4, (int)4>>(T3)"
0.1,809686,192,4217.1,4175.5,4095,4448,103.7,void cutlass::Kernel2<cutlass_80_wmma_tensorop_s161616gemm_bf16_32x32_128x1_nt_align2>(T1::Params)
0.1,780053,432,1805.7,1792.0,1727,2176,75.5,"void at::native::vectorized_elementwise_kernel<(int)4, at::native::CUDAFunctor_add<c10::BFloat16>, std::array<char *, (unsigned long)3>>(int, T2, T3)"
0.1,757370,576,1314.9,1312.0,1247,1696,61.4,"void at::native::_assert_async_cuda_kernel<bool>(const T1 *, at::native::Msg)"
0.1,702197,177,3967.2,2176.0,1920,6816,2032.4,"void at::native::index_elementwise_kernel<(int)128, (int)4, void at::native::gpu_index_kernel<void at::native::index_kernel_impl<at::native::OpaqueType<(int)8>>(at::TensorIteratorBase &, c10::ArrayRef<long>, c10::ArrayRef<long>)::[lambda(char *, const char *, long) (instance 1)]>(at::TensorIteratorBase &, c10::ArrayRef<long>, c10::ArrayRef<long>, const T1 &, bool)::[lambda(int) (instance 1)]>(long, T3)"
0.1,644250,320,2013.3,736.0,576,7680,2617.4,"void at::native::vectorized_elementwise_kernel<(int)4, at::native::BinaryFunctor<bool, bool, bool, at::native::BitwiseOrFunctor<bool>>, std::array<char *, (unsigned long)3>>(int, T2, T3)"
0.1,618998,132,4689.4,4672.0,4288,5056,122.5,void cutlass::Kernel2<cutlass_75_wmma_tensorop_bf16_s161616gemm_bf16_32x32_32x1_tn_align1>(T1::Params)
0.0,583420,768,759.7,736.0,703,1440,99.2,"void at::native::vectorized_elementwise_kernel<(int)4, at::native::exp_kernel_cuda(at::TensorIteratorBase &)::[lambda() (instance 2)]::operator ()() const::[lambda() (instance 2)]::operator ()() const::[lambda(float) (instance 1)], std::array<char *, (unsigned long)2>>(int, T2, T3)"
0.0,566325,768,737.4,736.0,607,1248,121.4,"void at::native::vectorized_elementwise_kernel<(int)4, void at::native::compare_scalar_kernel<float>(at::TensorIteratorBase &, at::native::<unnamed>::OpType, T1)::[lambda(float) (instance 1)], std::array<char *, (unsigned long)2>>(int, T2, T3)"
0.0,559062,48,11647.1,11616.0,11264,12032,184.5,"void at::native::reduce_kernel<(int)128, (int)4, at::native::ReduceOp<c10::BFloat16, at::native::func_wrapper_t<c10::BFloat16, at::native::sum_functor<c10::BFloat16, float, c10::BFloat16>::operator ()(at::TensorIterator &)::[lambda(float, float) (instance 1)]>, unsigned int, c10::BFloat16, (int)4, (int)8>>(T3)"
0.0,551035,192,2870.0,2816.0,2720,3264,137.9,void cutlass::Kernel2<cutlass_80_tensorop_bf16_s16816gemm_bf16_128x128_32x4_nn_align2>(T1::Params)
0.0,516028,48,10750.6,10752.0,10272,11200,190.8,sm80_xmma_wgrad_implicit_gemm_indexed_bf16bf16_bf16f32_f32_nhwckrsc_nhwc_tilesize32x128x32_stage4_warpsize1x4x1_g1_tensor16x8x16_execute_split_k_kernel__5x_cudnn
0.0,507034,31,16355.9,16352.0,15008,17856,615.8,"k_reset_scalar(Blaze *, const int *, int, const CuSnapDev *, const int *, int)"
0.0,497340,288,1726.9,1632.0,1536,2688,297.4,"void at::native::reduce_kernel<(int)512, (int)1, at::native::ReduceOp<float, at::native::ArgMaxOps<float>, unsigned int, long, (int)4, (int)4>>(T3)"
0.0,467357,898,520.4,512.0,416,832,67.3,"void at::native::vectorized_elementwise_kernel<(int)4, at::native::FillFunctor<float>, std::array<char *, (unsigned long)1>>(int, T2, T3)"
0.0,447767,544,823.1,736.0,576,1344,148.4,"void at::native::vectorized_elementwise_kernel<(int)4, at::native::bitwise_not_kernel_cuda(at::TensorIteratorBase &)::[lambda(bool) (instance 1)], std::array<char *, (unsigned long)2>>(int, T2, T3)"
0.0,423003,624,677.9,640.0,608,1248,77.3,"void at::native::vectorized_elementwise_kernel<(int)4, at::native::neg_kernel_cuda(at::TensorIteratorBase &)::[lambda() (instance 2)]::operator ()() const::[lambda() (instance 7)]::operator ()() const::[lambda(float) (instance 1)], std::array<char *, (unsigned long)2>>(int, T2, T3)"
0.0,421623,256,1647.0,1472.0,1407,3104,485.2,"void at::native::elementwise_kernel<(int)128, (int)4, void at::native::gpu_kernel_impl_nocast<at::native::AUnaryFunctor<short, short, bool, at::native::<unnamed>::CompareEqFunctor<short>>>(at::TensorIteratorBase &, const T1 &)::[lambda(int) (instance 1)]>(int, T3)"
0.0,415322,32,12978.8,12992.0,12064,13600,399.1,"void at::native::reduce_kernel<(int)512, (int)1, at::native::ReduceOp<float, at::native::MinOps<float>, unsigned int, float, (int)4, (int)4>>(T3)"
0.0,389054,288,1350.9,1248.0,1216,1984,193.1,"void at::native::elementwise_kernel<(int)128, (int)2, void at::native::gpu_kernel_impl_nocast<at::native::<unnamed>::where_kernel_impl(at::TensorIterator &)::[lambda() (instance 1)]::operator ()() const::[lambda() (instance 4)]::operator ()() const::[lambda(bool, unsigned long, unsigned long) (instance 1)]>(at::TensorIteratorBase &, const T1 &)::[lambda(int) (instance 1)]>(int, T3)"
0.0,351004,192,1828.1,1728.0,1696,2432,202.8,"void at::native::elementwise_kernel<(int)128, (int)4, void at::native::gpu_kernel_impl<at::native::direct_copy_kernel_cuda(at::TensorIteratorBase &)::[lambda() (instance 3)]::operator ()() const::[lambda() (instance 6)]::operator ()() const::[lambda(double) (instance 1)]>(at::TensorIteratorBase &, const T1 &)::[lambda(int) (instance 1)]>(int, T3)"
0.0,337433,336,1004.3,896.0,864,1791,216.0,"void at::native::vectorized_elementwise_kernel<(int)4, at::native::BinaryFunctor<float, float, float, at::native::binary_internal::DivFunctor<float>>, std::array<char *, (unsigned long)3>>(int, T2, T3)"
0.0,298206,145,2056.6,2464.0,1120,3744,805.3,"void at::native::elementwise_kernel<(int)128, (int)2, void at::native::gpu_kernel_impl_nocast<at::native::direct_copy_kernel_cuda(at::TensorIteratorBase &)::[lambda() (instance 3)]::operator ()() const::[lambda() (instance 7)]::operator ()() const::[lambda(float) (instance 1)]>(at::TensorIteratorBase &, const T1 &)::[lambda(int) (instance 1)]>(int, T3)"
0.0,285019,288,989.6,960.0,927,1376,89.3,"void at::native::elementwise_kernel<(int)128, (int)2, void at::native::gpu_kernel_impl_nocast<at::native::direct_copy_kernel_cuda(at::TensorIteratorBase &)::[lambda() (instance 3)]::operator ()() const::[lambda() (instance 6)]::operator ()() const::[lambda(double) (instance 1)]>(at::TensorIteratorBase &, const T1 &)::[lambda(int) (instance 1)]>(int, T3)"
0.0,273306,145,1884.9,1824.0,1696,3455,202.7,"void at::native::reduce_kernel<(int)512, (int)1, at::native::ReduceOp<float, at::native::MeanOps<float, float, float, float>, unsigned int, float, (int)4, (int)4>>(T3)"
0.0,264057,288,916.9,896.0,832,1152,76.7,"void at::native::<unnamed>::distribution_elementwise_grid_stride_kernel<float, (int)4, void at::native::templates::cuda::uniform_and_transform<float, float, at::CUDAGeneratorImpl *, void at::native::templates::cuda::exponential_kernel<at::CUDAGeneratorImpl *>(at::TensorIteratorBase &, double, T1)::[lambda() (instance 1)]::operator ()() const::[lambda() (instance 2)]::operator ()() const::[lambda(float) (instance 1)]>(at::TensorIteratorBase &, T3, T4)::[lambda(curandStatePhilox4_32_10 *) (instance 2)], void at::native::<unnamed>::distribution_nullary_kernel<float, float, float4, at::CUDAGeneratorImpl *, void at::native::templates::cuda::uniform_and_transform<float, float, at::CUDAGeneratorImpl *, void at::native::templates::cuda::exponential_kernel<at::CUDAGeneratorImpl *>(at::TensorIteratorBase &, double, T1)::[lambda() (instance 1)]::operator ()() const::[lambda() (instance 2)]::operator ()() const::[lambda(float) (instance 1)]>(at::TensorIteratorBase &, T3, T4)::[lambda(curandStatePhilox4_32_10 *) (instance 2)], void at::native::templates::cuda::exponential_kernel<at::CUDAGeneratorImpl *>(at::TensorIteratorBase &, double, T1)::[lambda() (instance 1)]::operator ()() const::[lambda() (instance 2)]::operator ()() const::[lambda(float) (instance 1)]>(at::TensorIteratorBase &, T4, const T5 &, T6)::[lambda(int, float) (instance 1)]>(long, at::PhiloxCudaState, T3, T4)"
0.0,261277,94,2779.5,2704.0,1632,4352,627.1,"void at_cuda_detail::cub::detail::select::DeviceSelectSweepKernel<at_cuda_detail::cub::detail::select::policy_hub<long, bool, int, (bool)0, (at_cuda_detail::cub::SelectImpl)0>::Policy1000, thrust::THRUST_300001_SM_750_800_860_900_1000_1200_NS::counting_iterator<long, thrust::THRUST_300001_SM_750_800_860_900_1000_1200_NS::use_default, thrust::THRUST_300001_SM_750_800_860_900_1000_1200_NS::use_default, thrust::THRUST_300001_SM_750_800_860_900_1000_1200_NS::use_default>, thrust::THRUST_300001_SM_750_800_860_900_1000_1200_NS::transform_iterator<at::native::<unnamed>::NonZeroOp<bool>, const bool *, thrust::THRUST_300001_SM_750_800_860_900_1000_1200_NS::use_default, thrust::THRUST_300001_SM_750_800_860_900_1000_1200_NS::use_default>, long *, int *, at_cuda_detail::cub::ScanTileState<int, (bool)1>, at_cuda_detail::cub::NullType, at_cuda_detail::cub::NullType, int, at_cuda_detail::cub::detail::select::streaming_context_t<long, (bool)1>, (at_cuda_detail::cub::SelectImpl)0>(T2, T3, T4, T5, T6, T7, T8, T9, int, T10, at_cuda_detail::cub::detail::vsmem_t)"
0.0,253339,320,791.7,768.0,704,1056,79.1,"void <unnamed>::softmax_warp_forward<float, float, float, (int)1, (bool)1, (bool)0, (int)32>(T2 *, const T1 *, int, int, int, const bool *, int, bool)"
0.0,229339,217,1056.9,896.0,863,2208,399.4,"void at::native::index_elementwise_kernel<(int)128, (int)4, void at::native::gpu_index_kernel<void at::native::index_put_kernel_impl<at::native::OpaqueType<(int)4>>(at::TensorIterator &, c10::ArrayRef<long>, c10::ArrayRef<long>)::[lambda(char *, const char *, long) (instance 1)]>(at::TensorIteratorBase &, c10::ArrayRef<long>, c10::ArrayRef<long>, const T1 &, bool)::[lambda(int) (instance 1)]>(long, T3)"
0.0,213821,93,2299.2,1088.0,864,5376,1851.6,"void at::native::index_elementwise_kernel<(int)128, (int)4, void at::native::gpu_index_kernel<void at::native::index_put_kernel_impl<at::native::OpaqueType<(int)1>>(at::TensorIterator &, c10::ArrayRef<long>, c10::ArrayRef<long>)::[lambda(char *, const char *, long) (instance 1)]>(at::TensorIteratorBase &, c10::ArrayRef<long>, c10::ArrayRef<long>, const T1 &, bool)::[lambda(int) (instance 1)]>(long, T3)"
0.0,209566,128,1637.2,1280.0,1248,2976,628.8,"void at::native::elementwise_kernel<(int)128, (int)4, void at::native::gpu_kernel_impl_nocast<at::native::AUnaryFunctor<float, float, bool, at::native::<unnamed>::CompareEqFunctor<float>>>(at::TensorIteratorBase &, const T1 &)::[lambda(int) (instance 1)]>(int, T3)"
0.0,206045,240,858.5,800.0,768,1120,86.2,"void <unnamed>::softmax_warp_forward<float, float, float, (int)2, (bool)1, (bool)0, (int)32>(T2 *, const T1 *, int, int, int, const bool *, int, bool)"
0.0,202906,256,792.6,832.0,639,1408,111.0,"void at::native::vectorized_elementwise_kernel<(int)4, at::native::<unnamed>::launch_clamp_scalar(at::TensorIteratorBase &, c10::Scalar, c10::Scalar, at::native::detail::ClampLimits)::[lambda() (instance 1)]::operator ()() const::[lambda() (instance 7)]::operator ()() const::[lambda(float) (instance 1)], std::array<char *, (unsigned long)2>>(int, T2, T3)"
0.0,202398,288,702.8,704.0,671,992,47.2,"void at::native::vectorized_elementwise_kernel<(int)4, at::native::AUnaryFunctor<float, float, bool, at::native::<unnamed>::CompareEqFunctor<float>>, std::array<char *, (unsigned long)2>>(int, T2, T3)"
0.0,187007,48,3896.0,3935.5,3424,4256,199.6,"void nchwToFoldedNhwcKernel<__nv_bfloat16, __nv_bfloat16, float, (bool)1, (cudnnKernelDataType_t)0>(int, int, int, int, const T1 *, T2 *, int, int, int, int, int, int, int, int, int, int, T3, T3, cudnn::reduced_divisor, cudnn::reduced_divisor, cudnn::reduced_divisor)"
0.0,180672,176,1026.5,896.0,704,1952,352.8,"void at::native::elementwise_kernel<(int)128, (int)2, void at::native::gpu_kernel_impl_nocast<at::native::BUnaryFunctor<float, float, float, at::native::binary_internal::MulFunctor<float>>>(at::TensorIteratorBase &, const T1 &)::[lambda(int) (instance 1)]>(int, T3)"
0.0,180059,48,3751.2,3744.0,3679,4000,61.3,void cutlass::Kernel2<cutlass_80_wmma_tensorop_s161616gemm_bf16_32x32_32x1_nt_align2>(T1::Params)
0.0,178496,224,796.9,736.0,672,1664,130.0,"void at::native::vectorized_elementwise_kernel<(int)4, at::native::<unnamed>::where_kernel_impl(at::TensorIterator &)::[lambda() (instance 1)]::operator ()() const::[lambda() (instance 3)]::operator ()() const::[lambda(bool, unsigned int, unsigned int) (instance 1)], std::array<char *, (unsigned long)4>>(int, T2, T3)"
0.0,161659,48,3367.9,3360.0,3328,3552,41.0,void cutlass::Kernel2<cutlass_80_tensorop_bf16_s16816gemm_bf16_256x64_32x4_nn_align2>(T1::Params)
0.0,154527,48,3219.3,3200.0,3136,3488,59.7,void cutlass::Kernel2<cutlass_75_tensorop_bf16_s1688gemm_bf16_128x64_nn_align1>(T1::Params)
0.0,142303,192,741.2,704.0,671,1056,103.0,"void <unnamed>::softmax_warp_backward<float, float, float, (int)1, (bool)1, (bool)0, (int)32>(T2 *, const T1 *, const T1 *, int, int, int, const bool *)"
0.0,140191,48,2920.6,2912.0,2880,3040,33.5,void cutlass::Kernel2<cutlass_75_tensorop_bf16_s1688gemm_bf16_64x64_nn_align1>(T1::Params)
0.0,136895,94,1456.3,1440.0,1376,1696,61.5,"void at_cuda_detail::cub::detail::reduce::DeviceReduceKernel<at_cuda_detail::cub::detail::reduce::policy_hub<int, unsigned long long, cuda::std::__4::plus<void>>::Policy1000, thrust::THRUST_300001_SM_750_800_860_900_1000_1200_NS::transform_iterator<at::native::<unnamed>::NonZeroOp<bool>, const bool *, thrust::THRUST_300001_SM_750_800_860_900_1000_1200_NS::use_default, thrust::THRUST_300001_SM_750_800_860_900_1000_1200_NS::use_default>, unsigned long long, cuda::std::__4::plus<void>, int, cuda::std::__4::__identity>(T2, T5 *, T3, at_cuda_detail::cub::GridEvenShare<T3>, T4, T6)"
0.0,130494,48,2718.6,2688.0,2655,2944,64.0,"void at::native::<unnamed>::CatArrayBatchedCopy<at::native::<unnamed>::OpaqueType<(unsigned int)8>, unsigned int, (int)2, (int)64, (int)64>(T1 *, at::native::<unnamed>::CatArrInputTensorMetadata<T1, T2, T4, T5>, at::native::<unnamed>::TensorSizeStride<T2, (unsigned int)4>, int, T2)"
0.0,127177,46,2764.7,2752.0,2719,2848,29.2,"void gemv2N_kernel<int, int, __nv_bfloat16, float, float, float, (int)128, (int)4, (int)4, (int)4, (int)1, (bool)0, cublasGemvParamsEx<int, cublasGemvTensorStridedBatched<const __nv_bfloat16>, cublasGemvTensorStridedBatched<const float>, cublasGemvTensorStridedBatched<float>, float>>(T13)"
0.0,122494,46,2662.9,2656.0,2560,2816,46.2,void cutlass::Kernel2<cutlass_80_wmma_tensorop_bf16_s161616gemm_bf16_16x16_128x2_tn_align8>(T1::Params)
0.0,109824,144,762.7,704.0,672,960,90.1,"void <unnamed>::softmax_warp_backward<float, float, float, (int)2, (bool)1, (bool)0, (int)32>(T2 *, const T1 *, const T1 *, int, int, int, const bool *)"
0.0,109085,81,1346.7,1312.0,1248,1600,79.8,"void at::native::elementwise_kernel<(int)128, (int)4, void at::native::gpu_kernel_impl_nocast<at::native::direct_copy_kernel_cuda(at::TensorIteratorBase &)::[lambda() (instance 3)]::operator ()() const::[lambda() (instance 12)]::operator ()() const::[lambda(c10::BFloat16) (instance 1)]>(at::TensorIteratorBase &, const T1 &)::[lambda(int) (instance 1)]>(int, T3)"
0.0,106879,33,3238.8,3232.0,3168,3488,60.3,void cutlass::Kernel2<cutlass_80_wmma_tensorop_bf16_s161616gemm_bf16_32x32_64x2_tn_align2>(T1::Params)
0.0,104895,48,2185.3,2176.0,2112,2336,51.5,"void cutlass__5x_cudnn::Kernel<cutlass__5x_cudnn::reduction::kernel::ReduceSplitK<cutlass__5x_cudnn::MatrixShape<(int)4, (int)256>, cutlass__5x_cudnn::epilogue::thread::LinearCombination<cutlass__5x_cudnn::bfloat16_t, (int)8, float, float, (cutlass__5x_cudnn::epilogue::thread::ScaleType::Kind)0, (cutlass__5x_cudnn::FloatRoundStyle)2>, cutlass__5x_cudnn::reduction::thread::ReduceAdd<float, float, (int)8>, (int)4>>(T1::Params)"
0.0,103774,128,810.7,832.0,672,1088,102.2,"void at::native::vectorized_elementwise_kernel<(int)4, at::native::BinaryFunctor<bool, bool, bool, at::native::logical_or_kernel_cuda(at::TensorIterator &)::[lambda() (instance 2)]::operator ()() const::[lambda() (instance 9)]::operator ()() const::[lambda(bool, bool) (instance 1)]>, std::array<char *, (unsigned long)3>>(int, T2, T3)"
0.0,103040,128,805.0,704.0,672,1312,196.0,"void at::native::vectorized_elementwise_kernel<(int)4, void at::native::compare_scalar_kernel<long>(at::TensorIteratorBase &, at::native::<unnamed>::OpType, T1)::[lambda(long) (instance 1)], std::array<char *, (unsigned long)2>>(int, T2, T3)"
0.0,102750,128,802.7,768.0,736,960,57.1,"void at::native::vectorized_elementwise_kernel<(int)2, at::native::<unnamed>::masked_fill_kernel(at::TensorIterator &, const c10::Scalar &)::[lambda() (instance 1)]::operator ()() const::[lambda() (instance 4)]::operator ()() const::[lambda(long, bool) (instance 1)], std::array<char *, (unsigned long)3>>(int, T2, T3)"
0.0,99327,33,3009.9,3008.0,2944,3136,36.6,"std::enable_if<T7, void>::type internal::gemvx::kernel<int, int, __nv_bfloat16, __nv_bfloat16, __nv_bfloat16, float, (bool)1, (bool)1, (bool)1, (bool)0, (int)7, (bool)0, cublasGemvParamsEx<int, cublasGemvTensorStridedBatched<const __nv_bfloat16>, cublasGemvTensorStridedBatched<const __nv_bfloat16>, cublasGemvTensorStridedBatched<__nv_bfloat16>, float>>(T13)"
0.0,93792,80,1172.4,1184.0,1088,1312,44.2,"void <unnamed>::softmax_warp_forward<float, float, float, (int)4, (bool)1, (bool)0, (int)32>(T2 *, const T1 *, int, int, int, const bool *, int, bool)"
0.0,91200,64,1425.0,1408.0,1184,1792,215.2,"void at::native::<unnamed>::CatArrayBatchedCopy_alignedK_contig<at::native::<unnamed>::OpaqueType<(unsigned int)4>, unsigned int, (int)2, (int)128, (int)1, (int)16>(T1 *, at::native::<unnamed>::CatArrInputTensorMetadata<T1, T2, T4, T5>, at::native::<unnamed>::TensorSizeStride<T2, (unsigned int)4>, int, T2)"
0.0,91103,128,711.7,704.0,640,864,53.7,"void at::native::vectorized_elementwise_kernel<(int)4, at::native::AUnaryFunctor<long, long, bool, at::native::<unnamed>::CompareEqFunctor<long>>, std::array<char *, (unsigned long)2>>(int, T2, T3)"
0.0,81664,80,1020.8,1024.0,960,1184,38.0,"void <unnamed>::softmax_warp_forward<float, float, float, (int)3, (bool)1, (bool)0, (int)32>(T2 *, const T1 *, int, int, int, const bool *, int, bool)"
0.0,81407,32,2544.0,2528.0,2432,2751,82.4,"void at::native::elementwise_kernel<(int)128, (int)4, void at::native::gpu_kernel_impl_nocast<at::native::AUnaryFunctor<long, long, bool, at::native::<unnamed>::CompareEqFunctor<long>>>(at::TensorIteratorBase &, const T1 &)::[lambda(int) (instance 1)]>(int, T3)"
0.0,80544,94,856.9,736.0,672,1248,201.7,"void at_cuda_detail::cub::detail::reduce::DeviceReduceSingleTileKernel<at_cuda_detail::cub::detail::reduce::policy_hub<int, unsigned long long, cuda::std::__4::plus<void>>::Policy1000, int *, int *, int, cuda::std::__4::plus<void>, int, int, cuda::std::__4::__identity>(T2, T3, T4, T5, T6, T8)"
0.0,80352,10,8035.2,7952.0,7552,8768,383.5,"void at_cuda_detail::cub::detail::radix_sort::DeviceRadixSortOnesweepKernel<at_cuda_detail::cub::detail::radix::policy_hub<long, at::cuda::cub::detail::OpaqueType<(int)8>, unsigned long long>::Policy1000, (at_cuda_detail::cub::SortOrder)0, long, at::cuda::cub::detail::OpaqueType<(int)8>, unsigned long long, int, int, at_cuda_detail::cub::detail::identity_decomposer_t>(T7 *, T7 *, T5 *, const T5 *, T3 *, const T3 *, T4 *, const T4 *, T6, int, int, T8)"
0.0,79710,96,830.3,880.0,672,1088,124.5,"void at::native::vectorized_elementwise_kernel<(int)4, at::native::BinaryFunctor<float, float, bool, at::native::<unnamed>::CompareEqFunctor<float>>, std::array<char *, (unsigned long)3>>(int, T2, T3)"
0.0,78941,34,2321.8,2080.0,1280,5983,1054.4,"void at::native::index_elementwise_kernel<(int)128, (int)4, void at::native::gpu_index_kernel<void at::native::index_kernel_impl<at::native::OpaqueType<(int)1>>(at::TensorIteratorBase &, c10::ArrayRef<long>, c10::ArrayRef<long>)::[lambda(char *, const char *, long) (instance 1)]>(at::TensorIteratorBase &, c10::ArrayRef<long>, c10::ArrayRef<long>, const T1 &, bool)::[lambda(int) (instance 1)]>(long, T3)"
0.0,76670,96,798.6,832.0,704,1120,97.9,"void at::native::vectorized_elementwise_kernel<(int)4, at::native::<unnamed>::CompareFunctor<float>, std::array<char *, (unsigned long)3>>(int, T2, T3)"
0.0,75199,96,783.3,815.5,640,1536,154.0,"void at::native::vectorized_elementwise_kernel<(int)4, at::native::<unnamed>::masked_fill_kernel(at::TensorIterator &, const c10::Scalar &)::[lambda() (instance 1)]::operator ()() const::[lambda() (instance 7)]::operator ()() const::[lambda(float, bool) (instance 1)], std::array<char *, (unsigned long)3>>(int, T2, T3)"
0.0,72863,64,1138.5,1136.0,1024,1312,90.3,"void at::native::elementwise_kernel<(int)128, (int)2, void at::native::gpu_kernel_impl_nocast<at::native::<unnamed>::launch_clamp_scalar(at::TensorIteratorBase &, c10::Scalar, c10::Scalar, at::native::detail::ClampLimits)::[lambda() (instance 1)]::operator ()() const::[lambda() (instance 7)]::operator ()() const::[lambda(float) (instance 1)]>(at::TensorIteratorBase &, const T1 &)::[lambda(int) (instance 1)]>(int, T3)"
0.0,63360,64,990.0,976.0,832,1344,127.5,"void at::native::vectorized_elementwise_kernel<(int)4, at::native::CUDAFunctor_add<int>, std::array<char *, (unsigned long)3>>(int, T2, T3)"
0.0,62463,32,1952.0,1936.0,1824,2112,74.5,"void at::native::elementwise_kernel<(int)128, (int)2, void at::native::gpu_kernel_impl_nocast<at::native::BinaryFunctor<float, float, float, at::native::minimum_kernel_cuda(at::TensorIteratorBase &)::[lambda() (instance 2)]::operator ()() const::[lambda() (instance 2)]::operator ()() const::[lambda(float, float) (instance 1)]>>(at::TensorIteratorBase &, const T1 &)::[lambda(int) (instance 1)]>(int, T3)"
0.0,61982,48,1291.3,1280.0,1184,1440,42.0,"void at::native::elementwise_kernel<(int)128, (int)2, void at::native::gpu_kernel_impl_nocast<at::native::<unnamed>::where_kernel_impl(at::TensorIterator &)::[lambda() (instance 1)]::operator ()() const::[lambda() (instance 3)]::operator ()() const::[lambda(bool, unsigned int, unsigned int) (instance 1)]>(at::TensorIteratorBase &, const T1 &)::[lambda(int) (instance 1)]>(int, T3)"
0.0,60864,64,951.0,944.0,864,1152,61.0,"void at::native::vectorized_elementwise_kernel<(int)2, at::native::CUDAFunctorOnSelf_add<double>, std::array<char *, (unsigned long)2>>(int, T2, T3)"
0.0,58751,32,1836.0,1824.0,1792,1984,40.4,"void at::native::unrolled_elementwise_kernel<at::native::direct_copy_kernel_cuda(at::TensorIteratorBase &)::[lambda() (instance 3)]::operator ()() const::[lambda() (instance 3)]::operator ()() const::[lambda(int) (instance 1)], std::array<char *, (unsigned long)2>, (int)4, TrivialOffsetCalculator<(int)1, unsigned int>, TrivialOffsetCalculator<(int)1, unsigned int>, at::native::memory::LoadWithCast<(int)1>, at::native::memory::StoreWithCast<(int)1>>(int, T1, T2, T4, T5, T6, T7)"
0.0,55200,48,1150.0,1152.0,1056,1312,53.0,"void at::native::<unnamed>::CatArrayBatchedCopy_alignedK_contig<at::native::<unnamed>::OpaqueType<(unsigned int)4>, unsigned int, (int)1, (int)128, (int)1, (int)16>(T1 *, at::native::<unnamed>::CatArrInputTensorMetadata<T1, T2, T4, T5>, at::native::<unnamed>::TensorSizeStride<T2, (unsigned int)4>, int, T2)"
0.0,53535,32,1673.0,1648.0,1600,1856,58.1,"void at::native::elementwise_kernel<(int)128, (int)2, void at::native::gpu_kernel_impl_nocast<at::native::BinaryFunctor<int, int, int, at::native::maximum_kernel_cuda(at::TensorIteratorBase &)::[lambda() (instance 1)]::operator ()() const::[lambda() (instance 3)]::operator ()() const::[lambda(int, int) (instance 1)]>>(at::TensorIteratorBase &, const T1 &)::[lambda(int) (instance 1)]>(int, T3)"
0.0,52864,48,1101.3,1088.0,1056,1248,42.7,"void <unnamed>::softmax_warp_backward<float, float, float, (int)4, (bool)1, (bool)0, (int)32>(T2 *, const T1 *, const T1 *, int, int, int, const bool *)"
0.0,52864,64,826.0,816.0,576,1216,244.8,"void at::native::vectorized_elementwise_kernel<(int)4, at::native::AUnaryFunctor<unsigned char, unsigned char, bool, at::native::<unnamed>::CompareEqFunctor<unsigned char>>, std::array<char *, (unsigned long)2>>(int, T2, T3)"
0.0,48799,48,1016.6,992.0,960,1536,106.5,"void at::native::vectorized_elementwise_kernel<(int)4, at::native::BinaryFunctor<float, float, float, at::native::minimum_kernel_cuda(at::TensorIteratorBase &)::[lambda() (instance 2)]::operator ()() const::[lambda() (instance 2)]::operator ()() const::[lambda(float, float) (instance 1)]>, std::array<char *, (unsigned long)3>>(int, T2, T3)"
0.0,45440,48,946.7,944.0,928,1024,21.7,"void <unnamed>::softmax_warp_backward<float, float, float, (int)3, (bool)1, (bool)0, (int)32>(T2 *, const T1 *, const T1 *, int, int, int, const bool *)"
0.0,44480,94,473.2,448.0,416,640,56.1,"void at_cuda_detail::cub::detail::scan::DeviceCompactInitKernel<at_cuda_detail::cub::ScanTileState<int, (bool)1>, int *>(T1, int, T2)"
0.0,41344,48,861.3,832.0,800,1536,133.5,"void at::native::vectorized_elementwise_kernel<(int)4, at::native::BinaryFunctor<bool, bool, bool, at::native::logical_and_kernel_cuda(at::TensorIterator &)::[lambda() (instance 2)]::operator ()() const::[lambda() (instance 9)]::operator ()() const::[lambda(bool, bool) (instance 1)]>, std::array<char *, (unsigned long)3>>(int, T2, T3)"
0.0,41248,32,1289.0,1280.0,1248,1344,26.0,"void at::native::<unnamed>::CatArrayBatchedCopy_alignedK_contig<at::native::<unnamed>::OpaqueType<(unsigned int)8>, unsigned int, (int)2, (int)128, (int)1, (int)16>(T1 *, at::native::<unnamed>::CatArrInputTensorMetadata<T1, T2, T4, T5>, at::native::<unnamed>::TensorSizeStride<T2, (unsigned int)4>, int, T2)"
0.0,40896,48,852.0,832.0,800,1184,87.0,"void at::native::vectorized_elementwise_kernel<(int)4, at::native::AbsFunctor<float>, std::array<char *, (unsigned long)2>>(int, T2, T3)"
0.0,37632,32,1176.0,1152.0,1152,1344,53.9,"void at::native::elementwise_kernel<(int)128, (int)2, void at::native::gpu_kernel_impl_nocast<at::native::AUnaryFunctor<float, float, float, at::native::binary_internal::MulFunctor<float>>>(at::TensorIteratorBase &, const T1 &)::[lambda(int) (instance 1)]>(int, T3)"
0.0,35743,2,17871.5,17871.5,17824,17919,67.2,"void at::native::<unnamed>::searchsorted_cuda_kernel<long, long>(T2 *, const T1 *, const T1 *, const long *, long, long, long, bool, bool)"
0.0,34335,32,1073.0,1056.0,1055,1152,24.4,"void at::native::elementwise_kernel<(int)128, (int)2, void at::native::gpu_kernel_impl_nocast<at::native::CUDAFunctorOnSelf_add<float>>(at::TensorIteratorBase &, const T1 &)::[lambda(int) (instance 1)]>(int, T3)"
0.0,30687,64,479.5,480.0,448,544,14.5,"void at::native::vectorized_elementwise_kernel<(int)4, at::native::FillFunctor<bool>, std::array<char *, (unsigned long)1>>(int, T2, T3)"
0.0,29631,31,955.8,928.0,895,1088,46.6,"void at::native::unrolled_elementwise_kernel<at::native::direct_copy_kernel_cuda(at::TensorIteratorBase &)::[lambda() (instance 3)]::operator ()() const::[lambda() (instance 1)]::operator ()() const::[lambda(unsigned char) (instance 1)], std::array<char *, (unsigned long)2>, (int)4, TrivialOffsetCalculator<(int)1, unsigned int>, TrivialOffsetCalculator<(int)1, unsigned int>, at::native::memory::LoadWithCast<(int)1>, at::native::memory::StoreWithCast<(int)1>>(int, T1, T2, T4, T5, T6, T7)"
0.0,26848,32,839.0,832.0,832,864,13.4,"void at::native::vectorized_elementwise_kernel<(int)4, void at::native::compare_scalar_kernel<unsigned char>(at::TensorIteratorBase &, at::native::<unnamed>::OpType, T1)::[lambda(unsigned char) (instance 1)], std::array<char *, (unsigned long)2>>(int, T2, T3)"
0.0,26688,32,834.0,832.0,800,928,21.4,"void at::native::vectorized_elementwise_kernel<(int)4, void at::native::compare_scalar_kernel<int>(at::TensorIteratorBase &, at::native::<unnamed>::OpType, T1)::[lambda(int) (instance 1)], std::array<char *, (unsigned long)2>>(int, T2, T3)"
0.0,24735,32,773.0,768.0,704,896,32.6,"void at::native::vectorized_elementwise_kernel<(int)2, at::native::FillFunctor<double>, std::array<char *, (unsigned long)1>>(int, T2, T3)"
0.0,24000,34,705.9,704.0,608,864,38.5,"void at::native::vectorized_elementwise_kernel<(int)2, at::native::FillFunctor<long>, std::array<char *, (unsigned long)1>>(int, T2, T3)"
0.0,5984,1,5984.0,5984.0,5984,5984,0.0,"void at::native::reduce_kernel<(int)512, (int)1, at::native::ReduceOp<float, at::native::WelfordOps<float, float, int, cuda::std::__4::pair<float, float>>, unsigned int, float, (int)2, (int)2>>(T3)"
0.0,5918,2,2959.0,2959.0,2943,2975,22.6,"std::enable_if<T7, void>::type internal::gemvx::kernel<int, int, __nv_bfloat16, float, float, float, (bool)1, (bool)1, (bool)0, (bool)0, (int)7, (bool)0, cublasGemvParamsEx<int, cublasGemvTensorStridedBatched<const __nv_bfloat16>, cublasGemvTensorStridedBatched<const float>, cublasGemvTensorStridedBatched<float>, float>>(T13)"
0.0,5343,2,2671.5,2671.5,2655,2688,23.3,"void at_cuda_detail::cub::detail::radix_sort::DeviceRadixSortHistogramKernel<at_cuda_detail::cub::detail::radix::policy_hub<long, at::cuda::cub::detail::OpaqueType<(int)8>, unsigned long long>::Policy1000, (at_cuda_detail::cub::SortOrder)0, long, unsigned long long, at_cuda_detail::cub::detail::identity_decomposer_t>(T4 *, const T3 *, T4, int, int, T5)"
0.0,5120,2,2560.0,2560.0,2432,2688,181.0,"void gemv2T_kernel_val<int, int, __nv_bfloat16, __nv_bfloat16, __nv_bfloat16, float, (int)128, (int)16, (int)4, (int)4, (bool)0, (bool)0, cublasGemvParamsEx<int, cublasGemvTensorStridedBatched<const __nv_bfloat16>, cublasGemvTensorStridedBatched<const __nv_bfloat16>, cublasGemvTensorStridedBatched<__nv_bfloat16>, float>>(T13, T6, T6)"
0.0,4576,2,2288.0,2288.0,2272,2304,22.6,"void at::native::<unnamed>::distribution_elementwise_grid_stride_kernel<unsigned long, (int)2, void at::native::templates::cuda::random_from_to_kernel<at::CUDAGeneratorImpl *>(at::TensorIteratorBase &, unsigned long, long, T1)::[lambda() (instance 1)]::operator ()() const::[lambda() (instance 4)]::operator ()() const::[lambda(curandStatePhilox4_32_10 *) (instance 1)], void at::native::<unnamed>::distribution_nullary_kernel<long, unsigned long, ulonglong2, at::CUDAGeneratorImpl *, void at::native::templates::cuda::random_from_to_kernel<at::CUDAGeneratorImpl *>(at::TensorIteratorBase &, unsigned long, long, T1)::[lambda() (instance 1)]::operator ()() const::[lambda() (instance 4)]::operator ()() const::[lambda(curandStatePhilox4_32_10 *) (instance 1)], void at::native::templates::cuda::random_from_to_kernel<at::CUDAGeneratorImpl *>(at::TensorIteratorBase &, unsigned long, long, T1)::[lambda() (instance 1)]::operator ()() const::[lambda() (instance 4)]::operator ()() const::[lambda(unsigned long) (instance 1)]>(at::TensorIteratorBase &, T4, const T5 &, T6)::[lambda(int, unsigned long) (instance 1)]>(long, at::PhiloxCudaState, T3, T4)"
0.0,3520,2,1760.0,1760.0,1728,1792,45.3,"void <unnamed>::elementwise_kernel_with_index<int, at::native::arange_cuda_out(const c10::Scalar &, const c10::Scalar &, const c10::Scalar &, at::Tensor &)::[lambda() (instance 1)]::operator ()() const::[lambda() (instance 4)]::operator ()() const::[lambda(long) (instance 1)]>(T1, T2, function_traits<T2>::result_type *)"
0.0,2143,2,1071.5,1071.5,1055,1088,23.3,"void <unnamed>::randperm_handle_duplicate_keys_kernel<long, at::native::<unnamed>::OpaqueType<(int)8>>(T1 *, T2 *, T1, int, at::PhiloxCudaState)"
0.0,1728,2,864.0,864.0,864,864,0.0,"void at_cuda_detail::cub::detail::radix_sort::DeviceRadixSortExclusiveSumKernel<at_cuda_detail::cub::detail::radix::policy_hub<long, at::cuda::cub::detail::OpaqueType<(int)8>, unsigned long long>::Policy1000, unsigned long long>(T2 *)"
0.0,1568,1,1568.0,1568.0,1568,1568,0.0,"void at::native::elementwise_kernel<(int)128, (int)2, void at::native::gpu_kernel_impl_nocast<at::native::BinaryFunctor<float, float, float, at::native::binary_internal::DivFunctor<float>>>(at::TensorIteratorBase &, const T1 &)::[lambda(int) (instance 1)]>(int, T3)"
